[
  {
    "id": "123-456-7890",
    "university": "University Name",
    "name": "Rosa Maria",
    "birthdate": "January 20, 2002",
    "address": "123 Anywhere St., Any City",
    "barcode": "123-456-7890"
  },
  {
    "id": "987-654-3210",
    "university": "Tech University",
    "name": "Juan Perez",
    "birthdate": "March 14, 2001",
    "address": "456 Everywhere Ave., Other City",
    "barcode": "987-654-3210"
  },
  {
    "id": "321-654-9870",
    "university": "Central University",
    "name": "Lucia Fernandez",
    "birthdate": "April 5, 2003",
    "address": "789 Sunset Blvd., Central City",
    "barcode": "321-654-9870"
  },
  {
    "id": "654-321-0987",
    "university": "State College",
    "name": "Carlos Martinez",
    "birthdate": "June 10, 2000",
    "address": "321 Sunrise Ave., East Town",
    "barcode": "654-321-0987"
  },
  {
    "id": "111-222-3333",
    "university": "University of the Coast",
    "name": "Ana Lopez",
    "birthdate": "May 9, 2002",
    "address": "12 Beach Rd., Coastal City",
    "barcode": "111-222-3333"
  },
  {
    "id": "444-555-6666",
    "university": "Mountain State University",
    "name": "Miguel Torres",
    "birthdate": "August 18, 1999",
    "address": "99 Hilltop Dr., Mountain Town",
    "barcode": "444-555-6666"
  },
  {
    "id": "777-888-9999",
    "university": "North Technical Institute",
    "name": "Sofia Gonzalez",
    "birthdate": "February 23, 2001",
    "address": "78 Industrial Way, North City",
    "barcode": "777-888-9999"
  },
  {
    "id": "222-333-4444",
    "university": "West Arts University",
    "name": "Diego Ramirez",
    "birthdate": "November 3, 2003",
    "address": "34 Creative Ln., Westville",
    "barcode": "222-333-4444"
  },
  {
    "id": "888-777-6666",
    "university": "South Business School",
    "name": "Valeria Castro",
    "birthdate": "July 15, 2000",
    "address": "56 Commerce Blvd., Southton",
    "barcode": "888-777-6666"
  },
  {
    "id": "999-000-1111",
    "university": "Capital City University",
    "name": "Andres Navarro",
    "birthdate": "September 1, 2002",
    "address": "90 Capitol St., Capital City",
    "barcode": "999-000-1111"
  },
  {
    "id": "112-233-3445",
    "university": "Riverdale College",
    "name": "Camila Vargas",
    "birthdate": "December 25, 2001",
    "address": "67 River Rd., Riverdale",
    "barcode": "112-233-3445"
  },
  {
    "id": "556-667-7788",
    "university": "Green Valley University",
    "name": "Julian Reyes",
    "birthdate": "October 10, 2000",
    "address": "44 Forest Ave., Green Valley",
    "barcode": "556-667-7788"
  },
  {
    "id": "990-881-7722",
    "university": "Desert Institute of Technology",
    "name": "Isabela Medina",
    "birthdate": "April 4, 2003",
    "address": "21 Sand Dune St., Desert City",
    "barcode": "990-881-7722"
  },
  {
    "id": "334-455-5666",
    "university": "Oceanview College",
    "name": "Hector Silva",
    "birthdate": "March 30, 2002",
    "address": "15 Ocean Dr., Oceanview",
    "barcode": "334-455-5666"
  },
  {
    "id": "778-899-9000",
    "university": "City Tech University",
    "name": "Paula Jimenez",
    "birthdate": "January 12, 2001",
    "address": "89 Tech St., City Center",
    "barcode": "778-899-9000"
  },
  {
    "id": "667-788-8999",
    "university": "Lakeside University",
    "name": "Marcos Cabrera",
    "birthdate": "May 18, 2000",
    "address": "43 Lakeview Rd., Lakeside",
    "barcode": "667-788-8999"
  },
  {
    "id": "554-665-7766",
    "university": "Hillcrest Academy",
    "name": "Natalia Ortega",
    "birthdate": "June 21, 2003",
    "address": "76 Crest Hill Rd., Hillcrest",
    "barcode": "554-665-7766"
  },
  {
    "id": "221-332-4433",
    "university": "Sunrise Polytechnic",
    "name": "Emilio Rojas",
    "birthdate": "October 7, 2001",
    "address": "28 Sunrise Blvd., New Town",
    "barcode": "221-332-4433"
  },
  {
    "id": "332-443-5544",
    "university": "Silver Lake Institute",
    "name": "Renata Delgado",
    "birthdate": "August 29, 2002",
    "address": "61 Silver Lake Rd., Silver City",
    "barcode": "332-443-5544"
  },
  {
    "id": "443-554-6605",
    "university": "Innovation University",
    "name": "Tomas Herrera",
    "birthdate": "September 11, 2000",
    "address": "11 Startup St., Innovatia",
    "barcode": "443-554-6605"
  }
]
